{
    "fid": 1.3738088607788086,
    "is_mean": 3.9079270362854004,
    "is_std": 0.38598155975341797
}