{
    "fid": 1.3738088607788086,
    "is_mean": 3.8900840282440186,
    "is_std": 0.4122985899448395,
    "sw_fid": 1.1861014366149902,
    "sw_is_mean": 3.083265781402588,
    "sw_is_std": 0.3488158881664276
}