{
    "spring-01-to-summer": {
        "lpips": 0.1392715722322464,
        "clip_score": 29.886077880859375
    },
    "spring-01-to-autumn": {
        "lpips": 0.19059477746486664,
        "clip_score": 31.673070907592773
    },
    "spring-01-to-winter": {
        "lpips": 0.1733936071395874,
        "clip_score": 30.147371292114258
    },
    "spring-02-to-summer": {
        "lpips": 0.14376291632652283,
        "clip_score": 33.271881103515625
    },
    "spring-02-to-autumn": {
        "lpips": 0.14552390575408936,
        "clip_score": 34.033836364746094
    },
    "spring-02-to-winter": {
        "lpips": 0.18131907284259796,
        "clip_score": 35.17982482910156
    },
    "summer-01-to-spring": {
        "lpips": 0.04674201458692551,
        "clip_score": 31.18598175048828
    },
    "summer-01-to-autumn": {
        "lpips": 0.05322346091270447,
        "clip_score": 35.08952713012695
    },
    "summer-01-to-winter": {
        "lpips": 0.06556448340415955,
        "clip_score": 31.71859359741211
    },
    "summer-02-to-spring": {
        "lpips": 0.1104632318019867,
        "clip_score": 29.885921478271484
    },
    "summer-02-to-autumn": {
        "lpips": 0.16131089627742767,
        "clip_score": 31.986427307128906
    },
    "summer-02-to-winter": {
        "lpips": 0.1872769147157669,
        "clip_score": 29.1773624420166
    },
    "autumn-01-to-spring": {
        "lpips": 0.2129526287317276,
        "clip_score": 31.006229400634766
    },
    "autumn-01-to-summer": {
        "lpips": 0.24721139669418335,
        "clip_score": 31.178611755371094
    },
    "autumn-01-to-winter": {
        "lpips": 0.23798298835754395,
        "clip_score": 32.73640441894531
    },
    "autumn-02-to-spring": {
        "lpips": 0.16148501634597778,
        "clip_score": 31.707984924316406
    },
    "autumn-02-to-summer": {
        "lpips": 0.16975240409374237,
        "clip_score": 31.571340560913086
    },
    "autumn-02-to-winter": {
        "lpips": 0.1923730969429016,
        "clip_score": 32.854454040527344
    },
    "winter-01-to-spring": {
        "lpips": 0.1011916995048523,
        "clip_score": 31.874656677246094
    },
    "winter-01-to-summer": {
        "lpips": 0.13948190212249756,
        "clip_score": 33.57478332519531
    },
    "winter-01-to-autumn": {
        "lpips": 0.13031519949436188,
        "clip_score": 32.53322982788086
    },
    "winter-02-to-spring": {
        "lpips": 0.09147448092699051,
        "clip_score": 30.690570831298828
    },
    "winter-02-to-summer": {
        "lpips": 0.09196397662162781,
        "clip_score": 30.90069580078125
    },
    "winter-02-to-autumn": {
        "lpips": 0.1431008279323578,
        "clip_score": 31.98789405822754
    },
    "spring-03-to-summer": {
        "lpips": 0.15857267379760742,
        "clip_score": 30.77142333984375
    },
    "spring-03-to-autumn": {
        "lpips": 0.18946018815040588,
        "clip_score": 34.13225555419922
    },
    "spring-03-to-winter": {
        "lpips": 0.17160581052303314,
        "clip_score": 33.196632385253906
    },
    "spring-04-to-summer": {
        "lpips": 0.10406919568777084,
        "clip_score": 31.25385093688965
    },
    "spring-04-to-autumn": {
        "lpips": 0.1466488093137741,
        "clip_score": 32.448448181152344
    },
    "spring-04-to-winter": {
        "lpips": 0.19316531717777252,
        "clip_score": 29.59972381591797
    },
    "spring-05-to-summer": {
        "lpips": 0.1354590803384781,
        "clip_score": 27.497419357299805
    },
    "spring-05-to-autumn": {
        "lpips": 0.22926108539104462,
        "clip_score": 31.07830810546875
    },
    "spring-05-to-winter": {
        "lpips": 0.2345813363790512,
        "clip_score": 30.107311248779297
    },
    "spring-06-to-summer": {
        "lpips": 0.10587495565414429,
        "clip_score": 30.894227981567383
    },
    "spring-06-to-autumn": {
        "lpips": 0.12132105976343155,
        "clip_score": 33.542808532714844
    },
    "spring-06-to-winter": {
        "lpips": 0.08374927937984467,
        "clip_score": 31.9609317779541
    },
    "spring-07-to-summer": {
        "lpips": 0.13100610673427582,
        "clip_score": 31.01222801208496
    },
    "spring-07-to-autumn": {
        "lpips": 0.1706460565328598,
        "clip_score": 33.387367248535156
    },
    "spring-07-to-winter": {
        "lpips": 0.18911556899547577,
        "clip_score": 34.57986831665039
    },
    "summer-03-to-spring": {
        "lpips": 0.11103011667728424,
        "clip_score": 33.56660079956055
    },
    "summer-03-to-autumn": {
        "lpips": 0.14333602786064148,
        "clip_score": 34.78233337402344
    },
    "summer-03-to-winter": {
        "lpips": 0.12925133109092712,
        "clip_score": 32.230674743652344
    },
    "summer-04-to-spring": {
        "lpips": 0.06942309439182281,
        "clip_score": 32.56297302246094
    },
    "summer-04-to-autumn": {
        "lpips": 0.0850539281964302,
        "clip_score": 35.711360931396484
    },
    "summer-04-to-winter": {
        "lpips": 0.095528744161129,
        "clip_score": 33.68961715698242
    },
    "summer-05-to-spring": {
        "lpips": 0.07008543610572815,
        "clip_score": 31.597885131835938
    },
    "summer-05-to-autumn": {
        "lpips": 0.07640588283538818,
        "clip_score": 33.60258483886719
    },
    "summer-05-to-winter": {
        "lpips": 0.10895684361457825,
        "clip_score": 34.3212776184082
    },
    "summer-06-to-spring": {
        "lpips": 0.09042216092348099,
        "clip_score": 31.666427612304688
    },
    "summer-06-to-autumn": {
        "lpips": 0.1723344326019287,
        "clip_score": 32.64076232910156
    },
    "summer-06-to-winter": {
        "lpips": 0.1379747837781906,
        "clip_score": 34.2762451171875
    },
    "autumn-03-to-spring": {
        "lpips": 0.15279202163219452,
        "clip_score": 32.094120025634766
    },
    "autumn-03-to-summer": {
        "lpips": 0.1965426802635193,
        "clip_score": 30.738025665283203
    },
    "autumn-03-to-winter": {
        "lpips": 0.15831395983695984,
        "clip_score": 33.58599090576172
    },
    "autumn-04-to-spring": {
        "lpips": 0.07983763515949249,
        "clip_score": 34.20336151123047
    },
    "autumn-04-to-summer": {
        "lpips": 0.0869235098361969,
        "clip_score": 32.578006744384766
    },
    "autumn-04-to-winter": {
        "lpips": 0.055159419775009155,
        "clip_score": 34.02323913574219
    },
    "winter-03-to-spring": {
        "lpips": 0.09140842407941818,
        "clip_score": 32.54392623901367
    },
    "winter-03-to-summer": {
        "lpips": 0.10113038122653961,
        "clip_score": 33.011878967285156
    },
    "winter-03-to-autumn": {
        "lpips": 0.11726775020360947,
        "clip_score": 34.10667037963867
    },
    "winter-04-to-spring": {
        "lpips": 0.1249547153711319,
        "clip_score": 27.30316734313965
    },
    "winter-04-to-summer": {
        "lpips": 0.19011333584785461,
        "clip_score": 30.998035430908203
    },
    "winter-04-to-autumn": {
        "lpips": 0.2297453135251999,
        "clip_score": 30.18742561340332
    },
    "winter-05-to-spring": {
        "lpips": 0.14144635200500488,
        "clip_score": 31.104448318481445
    },
    "winter-05-to-summer": {
        "lpips": 0.17728179693222046,
        "clip_score": 30.970293045043945
    },
    "winter-05-to-autumn": {
        "lpips": 0.194846048951149,
        "clip_score": 32.79924011230469
    },
    "winter-06-to-spring": {
        "lpips": 0.11881158500909805,
        "clip_score": 29.019588470458984
    },
    "winter-06-to-summer": {
        "lpips": 0.17916221916675568,
        "clip_score": 32.61741256713867
    },
    "winter-06-to-autumn": {
        "lpips": 0.20711198449134827,
        "clip_score": 33.24613571166992
    },
    "winter-07-to-spring": {
        "lpips": 0.11042702943086624,
        "clip_score": 37.53559494018555
    },